,precision,recall,f1-score,support
Atelectasis,0.38461538461538464,0.06880733944954129,0.11673151750972763,218.0
Cardiomegaly,0.6528925619834711,0.5064102564102564,0.5703971119133574,156.0
Edema,0.535,0.6948051948051948,0.6045197740112994,154.0
Emphysema,0.7745098039215687,0.5096774193548387,0.6147859922178989,155.0
Fibrosis,0.7068965517241379,0.2733333333333333,0.3942307692307692,150.0
micro avg,0.6173076923076923,0.38535414165666265,0.4745011086474501,833.0
macro avg,0.6107828604489124,0.410606708670633,0.4601330329766105,833.0
weighted avg,0.5932423720072499,0.38535414165666265,0.4345160980212895,833.0
samples avg,0.3288888888888889,0.3331481481481482,0.325,833.0
