,precision,recall,f1-score,support
Atelectasis,0.6,0.12385321100917432,0.20532319391634982,218.0
Cardiomegaly,0.4829059829059829,0.7243589743589743,0.5794871794871795,156.0
Edema,0.5620915032679739,0.5584415584415584,0.5602605863192183,154.0
Emphysema,0.6866666666666666,0.6645161290322581,0.6754098360655738,155.0
Fibrosis,0.611764705882353,0.3466666666666667,0.4425531914893617,150.0
micro avg,0.5712143928035982,0.45738295318127253,0.508,833.0
macro avg,0.5886857717445952,0.48356730790172636,0.4926067974555366,833.0
weighted avg,0.589307880014751,0.45738295318127253,0.4712029890522114,833.0
samples avg,0.3827777777777778,0.39481481481481484,0.3805185185185185,833.0
