,precision,recall,f1-score,support
Atelectasis,0.42696629213483145,0.1743119266055046,0.247557003257329,218.0
Cardiomegaly,0.6107784431137725,0.6538461538461539,0.631578947368421,156.0
Edema,0.532258064516129,0.6428571428571429,0.5823529411764706,154.0
Emphysema,0.6573033707865169,0.7548387096774194,0.7027027027027027,155.0
Fibrosis,0.5739130434782609,0.44,0.4981132075471698,150.0
micro avg,0.5741496598639456,0.5066026410564226,0.5382653061224489,833.0
macro avg,0.5602438428059022,0.5331707865972442,0.5324609604104186,833.0
weighted avg,0.5501762421852039,0.5066026410564226,0.5111788661365453,833.0
samples avg,0.4166666666666667,0.4362962962962963,0.416037037037037,833.0
