,precision,recall,f1-score,support
Atelectasis,0.6428571428571429,0.12385321100917432,0.2076923076923077,218.0
Cardiomegaly,0.6392405063291139,0.6474358974358975,0.643312101910828,156.0
Edema,0.6766917293233082,0.5844155844155844,0.627177700348432,154.0
Emphysema,0.6502732240437158,0.7677419354838709,0.7041420118343196,155.0
Fibrosis,0.5918367346938775,0.38666666666666666,0.46774193548387094,150.0
micro avg,0.6433224755700325,0.47418967587034816,0.5459571527297857,833.0
macro avg,0.6401798674494317,0.5020226590022387,0.5300132114539517,833.0
weighted avg,0.6406275658785666,0.47418967587034816,0.5060291464412616,833.0
samples avg,0.4090740740740741,0.4068518518518518,0.401074074074074,833.0
